BoardStart,BoardEnd,Name,Role,BX_spelling
1991,1997,Lawrence B. Lindsey,Board Member,
1991,1998,Susan M. Phillips,Board Member,"Professor, Dr Susan M Phillips"
1994,1996,Alan S. Blinder,Board Member,Doctor Alan Stuart Blinder
1994,1997,Janet L. Yellen,Board Member,Doctor Janet Louise Yellen
1996,2002,Laurence H. Meyer,Board Member,Doctor Laurence H Meyer
1996,1999,Alice M. Rivlin,Vice-Chairmen,"Professor, Dr Alice Mitchell Rivlin"
1987,2006,Alan Greenspan,Chairmen,Doctor Alan Greenspan
1997,2005,Edward M. Gramlich,Board Member,
1997,2006,"Roger W. Ferguson, Jr.",Board Member,Doctor Roger Walton Ferguson Jr
1999,2006,"Roger W. Ferguson, Jr.",Vice-Chairmen,Doctor Roger Walton Ferguson Jr
2001,2006,Mark W. Olson,Board Member,Mark W Olson
2001,2007,Susan S. Bies,Board Member,Doctor Susan Schmidt Bies
2002,2006,Ben S. Bernanke,Board Member,Doctor Ben S Bernanke
2002,2010,Donald L. Kohn,Board Member,Doctor Donald L Kohn
2006,2013,Ben S. Bernanke,Chairmen,Doctor Ben S Bernanke
2006,2011,Kevin M. Warsh,Board Member,Kevin Maxwell Warsh
2006,2009,Randall S. Kroszner,Board Member,
2006,2010,Donald L. Kohn,Vice-Chairmen,Doctor Donald L Kohn
2006,2008,Frederic S. Mishkin,Board Member,
2008,2013,Elizabeth A. Duke,Board Member,Elizabeth (Betsy) A Duke
2009,2013,Daniel K. Tarullo,Board Member,Daniel (Dan) K Tarullo
2010,2013,Janet L. Yellen,Vice-Chairmen,Doctor Janet Louise Yellen
2010,2013,Sarah Bloom Raskin,Board Member,Sarah Bloom Raskin
2012,2013,Jerome H. Powell,Board Member,Jerome (Jay) H Powell
2012,2013,Jeremy C. Stein,Board Member,