To,From
American Bankers Association,American Bankers Association \\(ABA\\)
American Bankers Association,ABA Government Relations Council
American Bankers Association,ABA National Compliance School
American Bankers Association,ABA Securities Association \\(ABASA\\)
American Bankers Association,ABA Securities Association \\(ABASA\\)
American Bankers Association,ABA Stonier Graduate School of Banking
American Bankers Association,American Bankers Association
American Bankers Association,American Bankers Association \\(ABA\\)
American Bankers Association,the American Bankers Association
American Capital Agency Corp,American Capital Agency Corp \\(Listed 05/2008\\)
American Capital Agency Corp,AMERICAN CAPITAL AGENCY CORP
American Capital Mortgage Investment Corp,AMERICAN CAPITAL MORTGAGE INVESTMENT CORP
American Capital Mortgage Investment Corp,American Capital Mortgage Investment Corp \\(Listed 08/2011\\)
American Economic Association,American Economic Association (AEA)
American Economic Association,American Economic Association and the American Finance Association
American Institute of Certified Public Accountants,American Institute of Certified Public Accountants National Conference
BIS,Bank for International Settlements \\(BIS\\)
BANK OF MONTREAL (BMO),BMO Financial Group
BANK OF MONTREAL (BMO),BMO Nesbitt Burns Inc
BANK OF MONTREAL (BMO),BMO Bankcorp Inc \\(Formerly known as Harris Bankcorp Inc\\)
BANK OF MONTREAL (BMO),BMO Nesbitt Burns Corp Ltd
BANK OF MONTREAL (BMO),BMO Harris Bank NA \\(Harris NA prior to 07/2011\\)
BANK OF MONTREAL (BMO),BMO Capital Markets Corp
Bard College,Levy Economics Institute
Bard College,Jerome Levy Economics Institute of Bard College
Bard College,"The Levy Economics Institute of Bard College,"
Brookings Institution,Brookings Institution \\(BI\\)
Brookings Institution,The Brookings Institution
Brookings Institution,Brookings
Brookings Institution,Brookings Institution
Chase Manhattan Bank,Chase Manhattan Bank Ltd
Chase Manhattan Bank,Chase Manhattan Community Development Group
Chase Manhattan Bank,CHASE MANHATTAN CORP \\(De-listed 12/2000\\)
Conference of State Bank Supervisors,Conference of State Bank Supervisors \\(CSBS\\)
Deutsche Bank,DEUTSCHE BANK AG
Deutsche Bank,DEUTSCHE BANK CAPITAL FUNDING TRUST
Deutsche Bank,"Deutsche Bank Trust Company Americas \\(Bankers Trust Co, New York prior to 04/2002\\)"
Dominion Virginia Power Corp,DOMINION RESOURCES INC \\(VIRGINIA\\)
Duke University,"Fuqua School of Business, Duke University"
Duke University,Econometric Society at Duke University
EQUIFAX INC,Equifax Information Services LLC
Ernst & Young LLP,Ernst & Young and AEI-Brookings Joint Center on Regulatory Studies
European Central Bank,The European Central Bank
European Central Bank,European Central Bank and Federal Reserve Bank of Chicago
Federal Reserve Bank of Atlanta,Federal Reserve Bank of AtlantaÃ
Federal Reserve Bank of Boston,Federal Reserve Bank of BostonÃ•s
Federal Reserve Bank of Boston,Federal Reserve Bank of Boston and Federal Reserve Bank of San Francisco
Federal Reserve Bank of Chicago,Federal Reserve Bank of Chic
Federal Reserve Bank of Chicago,Federal Reserve Bank of ChicagoÃ
Federal Reserve Bank of Chicago,Federal Reserve Bank of Chicagoago
Federal Reserve Bank of Dallas,Dallas Federal Reserve
Federal Reserve Bank of Kansas,Federal Reserve Bank of Kansas City
Federal Reserve Bank of Richmond,Federal Reserve Bank of Richmond \\(FRBR\\)
Federal Reserve Bank of Richmond,Charlotte Branch of the Federal Reserve Bank of Richmond
Federal Reserve Bank of Richmond,Federal Reserve Bank of Richmond
Federal Reserve Bank of San Francisco,Federal Reserve Bank of San Francisco \\(FRBSF\\)
Federal Reserve Bank of San Francisco,Federal Reserve Bank of San Francisco
Federal Reserve Bank of San Francisco,Federal Reserve Bank of San Francisco \\(Seattle Branch\\) and the University of Washington
Federal Reserve Bank of San Francisco,Federal Reserve Bank of San Francisco
Federal Reserve Bank of St Louis,Federal Reserve Bank of St. Louis
First Tennessee Bank NA,First Tennessee National Corp
First Tennessee Bank NA,FIRST HORIZON NATIONAL CORP (First Tennessee National prior to 04/2004)
Fordham University,Fordham University School of Law
Fulton Bank NA,FULTON FINANCIAL CORP
Georgetown University,Georgetown University Public Policy Institute
Georgetown University,Georgetown U
Georgetown University,Georgetown University Wall Street Alliance
Harvard University,Harvard Business School
Harvard University,Harvard College
Harvard University,Harvard Law School
Harvard University,Harvard Law School
Harvard University,Harvard Law School Program on International Financial Systems
Harvard University,Harvard University Program on International Financial Systems
Harvard University,Harvard Law School Program on International Financial Systems
KEYCORP,KeyBank National Association
LINCOLN ELECTRIC HLDGS INC,Lincoln Electric Co
London School of Economics,London School of Economics \\(LSE\\)
MIT,Massachusetts Institute of Technology \\(MIT\\)
MB Financial Bank NA,MB FINANCIAL INC
Morgan Stanley,MORGAN STANLEY \\(Morgan Stanley Dean Witter & Co prior to 07/2002\\)
Morgan Stanley,MORGAN STANLEY GROUP INC \\(De-listed 05/1997\\)
National Association for Business Economics,National Association of Business Economists \\(NABE\\)
National Association for Business Economics,National Association of Business Economists
National Association for Business Economics,National Association for Business Economics \\(NABE\\) and the Association for University Business and Economic Research \\(AUBER\\)
National Association for Business Economics,the National Association of Business Economics
National Bureau of Economic Research,National Bureau of Economic Research \\(NBER\\) \\(USA\\)
National Bureau of Economic Research,National Bureau of Economic Research Summer Institute
New York Clearing House Association (NYCHA),Clearing House
New York Stock Exchange,New York Stock Exchange \\(NYSE\\) Inc
New York University,New York University \\(NYU\\)
New York University,Stern School of Business
New York University,Leonard N. Stern School of Business
New York University,New York University
New York University,NYU Stern School of B
New York University,New York University \\(NYU\\)
New York University,"Leonard N Stern School of Business, New York University"
New York University,New York University School of Law
New York University,"Leonard N Stern School of Business, New York University"
New York University,New York University School of Law
New York University,NYU Langone Medical Center \\(New York University Medical Center prior to 04/2008\\)
New York University,New York University Law School
Oxford University,"Nuffield College, Oxford University"
Princeton University,"Princeton Environmental Institute \\(PEI\\), Princeton University"
Princeton University,"Woodrow Wilson School of Public and International Affairs, Princeton University"
Princeton University,Princeton Alumni Schools Committee
Princeton University,Princeton University Press
Princeton University,Princeton University Center for Economic Policy Studies
Princeton University,"Center for Economic Policy Studies and the Bendheim Center for Finance, Princeton University"
SIFMA,Securities Industry and Financial Markets Association \\(SIFMA\\)
SIFMA,Security Industry Association \\(SIA\\)
SIFMA,Securities Industry Association
SIFMA,Security Industry Association and U North Carolina
SIFMA,Securities Industry Association
SIFMA,Securities Industry Association
SIFMA,American Institute of Certified Public Accountants and the Financial Management Division of the Securities Industry and Financial Markets Association \\(SIFMA\\)
SIFMA,American Institute of Certified Public Accountants and the Financial Management Division of the Securities Industry Association
SIFMA,American Institute of Certified Public Accountants and the Financial Management Division of the SIFMA
Society National Bank,Society Corp
Stanford University,"Stanford University, Graduate School of Business"
Stanford University,Center for Economic Policy Research at Stanford University
Stanford University,Stanford Institute for Economic Policy Research \\(SIEPR\\)
Swiss Re,Swiss Re America Holding Corp
Swiss Re,SWISS REINSURANCE CO \\(De-list 12/2011\\)
TD Bank NA,TORONTO-DOMINION BANK
TD Bank NA,TD BANKNORTH INC \\(De-listed 04/2007\\)
TD Bank NA,TD BANKNORTH INC \\(De-listed 04/2007\\)
TD Bank NA,TD Waterhouse Investor Services Inc
The Johns Hopkins University,The Johns Hopkins University Applied Physics Laboratory
Tufts University,"Fletcher School of Law and Diplomacy, Tufts University"
"University of California, Berkeley","Haas School of Business, University of California, Berkeley"
University of Illinois (UIC),University of Illinois at Chicago
University of Michigan,University of Michigan Law School
University of North Carolina,University of North Carolina \\(UNC\\)
University of North Carolina,Economics Club of the University of North Carolina at Chapel Hill
University of Wisconsin School of Business,University of Wisconsin-Madison School of Business
US Department of Labor,US Dept of Labour
US Department of Labor,Department of Labor
US Department of Labor,U.S. Department of Labor and American Enterprise Institute
US Department of the Treasury,U.S. Department of the Treasury
Wachovia,WACHOVIA CORP (De-listed 12/2008)
Wachovia,WACHOVIA PREFERRED FUNDING CORP
World Bank,The World Bank
Zurich Insurance Co,Zurich Holding Company of America Inc
Zurich Insurance Co,ZURICH INSURANCE GROUP AG \\(Zurich Financial Services Ltd prior to 04/2012\\)\\(Zurich Financial Services Group prior to 04/2009\\)